Image_name,RepoTags,Download_counts,Architecture,Os,Size,Layer_hash,Layer_number,Layer_allCount,Layer_size
ubuntu-upstart,latest,1741531,amd64,linux,265846907,sha256:0d81735d8272465865b21615e57746b82ffd4180c9ef4a2ed6e7bfe7464cc156,3,15,655
ubuntu-upstart,latest,1741531,amd64,linux,265846907,sha256:84208aaf511d38a8ac49443d1f479600b855aa7d23dd0f5bee9c334be45a5a86,5,15,2590
ubuntu-upstart,latest,1741531,amd64,linux,265846907,sha256:2980e179e8bfa0dec3b5f955912d7d5ae640ce32a0103a5f00961ff854444e7f,6,15,2181
ubuntu-upstart,latest,1741531,amd64,linux,265846907,sha256:b320b132c949a58ff8dc4b2fe5ea9b31185a67a7442523cf49adbf08ddfdc276,7,15,25292
ubuntu-upstart,latest,1741531,amd64,linux,265846907,sha256:f0abb91c41ff99c52ed092dea4a73aae8ca0f0670843ef737e39cf8eede1731e,8,15,1698693
ubuntu-upstart,latest,1741531,amd64,linux,265846907,sha256:25cda0a9b1bc01bf8e885ae8af8ea34d8745e6ac63559da89e3d83012cf0ffc6,9,15,198656
ubuntu-upstart,latest,1741531,amd64,linux,265846907,sha256:249dcffb646c988793c9d829940b6241367b48a9ef0ebac226422098f0433915,10,15,351
ubuntu-upstart,latest,1741531,amd64,linux,265846907,sha256:7c694417d200f08cd1f06048f9bb9edeb0fe31736ca450413724b7e40da5ce46,11,15,66584576
ubuntu-upstart,latest,1741531,amd64,linux,265846907,sha256:bd4137f8d57e3d85b3fd10edb338d159913962f51eedd7b26701ae53ae1b0556,13,15,1945
ubuntu-upstart,latest,1741531,amd64,linux,265846907,sha256:5f70bf18a086007016e948b04aed3b82103a36bea41755b6cddfaf10ace3c6ef,14,15,199680
ubuntu-upstart,latest,1741531,amd64,linux,265846907,sha256:5f70bf18a086007016e948b04aed3b82103a36bea41755b6cddfaf10ace3c6ef,15,15,197132288
iojs,latest,17320750,amd64,linux,679882853,sha256:5d6cbe0dbcf9a675e86aa0fbedf7ed8756d557c7468d6a7c64bde7fa9e029636,1,6,36385587
iojs,latest,17320750,amd64,linux,679882853,sha256:596280599f680a9a4c76208c304276328d05eb0462a8c66a30b2c0004ec008af,2,6,91033
iojs,latest,17320750,amd64,linux,679882853,sha256:e6562eb04a92fb5d88d8077d039a95469fa2694991222a274e8fff4db0bbbe1a,3,6,338690048
iojs,latest,17320750,amd64,linux,679882853,sha256:f078de0e3e2b9f4d254277a6798b8e4a23d486000e49fb797917c7a6b6e0096e,4,6,128974848
iojs,latest,17320750,amd64,linux,679882853,sha256:9b4c4f05a040dc79d657f6142376d053b390c57ef895def698b70c4d1b037265,5,6,46766489
iojs,latest,17320750,amd64,linux,679882853,sha256:cf20157a904bcff323de250e28246eed20dceab8c4b3de7a5ceea7c2ef8b2661,6,6,128974848
supe/ruby-env,latest,45467,amd64,linux,779238812,sha256:c69ae1aa46985cbaf186b6354c61a1d2e0d6af47133db47bf04f0c6eb9c858e9,1,20,1593835
supe/ruby-env,latest,45467,amd64,linux,779238812,sha256:5f70bf18a086007016e948b04aed3b82103a36bea41755b6cddfaf10ace3c6ef,2,20,25270681
supe/ruby-env,latest,45467,amd64,linux,779238812,sha256:e1edfc2952daba96568d0828950bda7d525c0c25a2581713b3153e39c6e7216a,3,20,1174405
supe/ruby-env,latest,45467,amd64,linux,779238812,sha256:d173ce545d815c586d14a767a567666c48ba0551108b99c3a4dbc2677f5cfd8e,4,20,116391936
supe/ruby-env,latest,45467,amd64,linux,779238812,sha256:34e87db95808a91e83c58acfe7fd200eb5de165812cd989e83ed67dd01ddb6a4,5,20,45
supe/ruby-env,latest,45467,amd64,linux,779238812,sha256:5f70bf18a086007016e948b04aed3b82103a36bea41755b6cddfaf10ace3c6ef,6,20,329252864
supe/ruby-env,latest,45467,amd64,linux,779238812,sha256:5f70bf18a086007016e948b04aed3b82103a36bea41755b6cddfaf10ace3c6ef,7,20,127926272
supe/ruby-env,latest,45467,amd64,linux,779238812,sha256:5f70bf18a086007016e948b04aed3b82103a36bea41755b6cddfaf10ace3c6ef,8,20,46556774
supe/ruby-env,latest,45467,amd64,linux,779238812,sha256:5f70bf18a086007016e948b04aed3b82103a36bea41755b6cddfaf10ace3c6ef,9,20,131072000
rapidoid,latest,2688835,amd64,linux,227834949,sha256:a548c9107c3a8e63d242fb718f180eecb8b6e36cd41942c24883ddb58639674c,1,6,24117248
rapidoid,latest,2688835,amd64,linux,227834949,sha256:f7e816b93eb6558eb4adcdad3a043303fef34ebae9c69c66b52dac1fa6af1d9e,2,6,330
rapidoid,latest,2688835,amd64,linux,227834949,sha256:86b49f790727c4d4a7aa53717b501dda8380734d5d1ac3abfcdf4e65eb8f6426,3,6,114294784
rapidoid,latest,2688835,amd64,linux,227834949,sha256:3b3eec53db1f38de098cc100f89d1943a8dc2e106447a5a43bfc9de2104c310d,4,6,27
rapidoid,latest,2688835,amd64,linux,227834949,sha256:5f20057cc7c841c5e799fcc303f772bb47d56bfbb598862d28f90bb9f17afe89,5,6,5117050
rapidoid,latest,2688835,amd64,linux,227834949,sha256:c15b4ca40106f314cee6730807ec1ce51adda05f54a3935d6494e521c5e9b779,6,6,84305510
zookeeper,latest,220425613,amd64,linux,315435476,sha256:b93c1bd012ab8fda60f5b4f5906bf244586e0e3292d84571d3abb56472248466,1,8,1495
zookeeper,latest,220425613,amd64,linux,315435476,sha256:04d1dcab20cb3b982103156aae7d5f41f7e72d4039792be8dae98454837e9ec7,2,8,39636172
zookeeper,latest,220425613,amd64,linux,315435476,sha256:e3922ee51bcfd162481174f60f5b77bbe71f9088606f2df3850f51c2d2068652,3,8,11114905
zookeeper,latest,220425613,amd64,linux,315435476,sha256:83e01f6d9fb190f6dda9080e3dd0a536773d4812d2a71632d3f2ab57718204b0,4,8,336896
zookeeper,latest,220425613,amd64,linux,315435476,sha256:4d1df46c1fecafc8da1e9f11793957a24a0648555ad653167485d699b3138af7,5,8,146800640
zookeeper,latest,220425613,amd64,linux,315435476,sha256:b3e75968aebaeafd8b1d80c3da70c5989e3ab6c1f7d77d467c4b03d9e9ed31d0,6,8,35966156
zookeeper,latest,220425613,amd64,linux,315435476,sha256:55bbbb3aebb7a131d0a298dd96bd44409f2fac3bcf9fc07bbec86e843388c639,7,8,81579212
kong,latest,306353521,amd64,linux,227333549,sha256:b93c1bd012ab8fda60f5b4f5906bf244586e0e3292d84571d3abb56472248466,1,4,2273
kong,latest,306353521,amd64,linux,227333549,sha256:5f7a2266bf1a5fadcda1c1d45de7dccf5fbfe76166202001dea660e5ecd4693e,2,4,145752064
kong,latest,306353521,amd64,linux,227333549,sha256:df80258e1d35488aaabb3354030c6d314b3a9d44751d5ba9e376cee1fe8838f1,3,4,81579212
aerospike:ee-6.2.0.7_1,ee-6.2.0.7_1,16863089,amd64,linux,198709166,sha256:3af14c9a24c941c626553628cf1942dcd94d40729777f2fcfbcd3b8a3dfccdd6,1,4,2222
aerospike:ee-6.2.0.7_1,ee-6.2.0.7_1,16863089,amd64,linux,198709166,sha256:21367b6cdb469c64f040bdd8c282411af21abbd1952862fd644f1416bdb12a4b,2,4,1792
aerospike:ee-6.2.0.7_1,ee-6.2.0.7_1,16863089,amd64,linux,198709166,sha256:a80f3473950c09127b23f0c3e9a095cc541a1befd25903a8a838199c9851a0bc,3,4,114294784
aerospike:ee-6.2.0.7_1,ee-6.2.0.7_1,16863089,amd64,linux,198709166,sha256:8234f58156e65796532678cce6befdd90046d8efbafa56cfc1dd6060a27c3135,4,4,84410368
joomla,latest,80863634,amd64,linux,663923385,sha256:3af14c9a24c941c626553628cf1942dcd94d40729777f2fcfbcd3b8a3dfccdd6,1,21,1157
joomla,latest,80863634,amd64,linux,663923385,sha256:b45c80a24442fcdcc7bbb616407166b8998b11634be9623ccc32904099844a51,2,21,6010
joomla,latest,80863634,amd64,linux,663923385,sha256:c4bd73e3313b668236e736cc7a72771cb8952e4268afe5c40285360b32e8aa0f,3,21,80320921
joomla,latest,80863634,amd64,linux,663923385,sha256:cfb7053350c422cfb726e8f8a4d72b8610ee6eac5528d879cdd8cc62fb1e4d4b,4,21,52531
joomla,latest,80863634,amd64,linux,663923385,sha256:8b80409103eeaab5d0b91cccf0b9433d56eaad369e7ac516ab81bfdd5246a214,5,21,331
joomla,latest,80863634,amd64,linux,663923385,sha256:07583c9c30165412b76a9485260e701007b6ed0552a31a98515f5ca56060adff,6,21,173
joomla,latest,80863634,amd64,linux,663923385,sha256:4adc4f8ad1cb16307c608a608bfa4fe0ced3f66b3631ddc785c16b35a53e6163,7,21,51380224
joomla,latest,80863634,amd64,linux,663923385,sha256:e488e800e73bca13f323d37eaa4de10a4a0171023ac730267544f1bd8229d5da,8,21,54945382
joomla,latest,80863634,amd64,linux,663923385,sha256:9f9b5770e7807412766d854a63f6b336173f759d7fb6024f1c7857846c17e62f,9,21,1382
joomla,latest,80863634,amd64,linux,663923385,sha256:1f434a91a4e142b65191fa525fbd0e8abbe907d3140a40914e3f992595179917,10,21,17
joomla,latest,80863634,amd64,linux,663923385,sha256:f4dfe6d892cd117521fe07377bd0a834f8aa03e90fad8f9f1fef19a79048da98,11,21,7383
joomla,latest,80863634,amd64,linux,663923385,sha256:6c0a8e761c04168b46fe188e29db2434a49ec29ee2d5eebe5ede2d6b360eb4cd,12,21,48129638
joomla,latest,80863634,amd64,linux,663923385,sha256:26801b112ae2387eb9b16565936ab3a8c8a41788f8ffc93c73573ca32e8c0741,13,21,587
joomla,latest,80863634,amd64,linux,663923385,sha256:ba8df4c2647572a3ca8cab92ee4baac26a3c73d026d8d5748792167fddca09d8,14,21,12687769
joomla,latest,80863634,amd64,linux,663923385,sha256:688fc0347c9f494e71ac1154c9abe78e9d38c0561b30f550071c2c37f6de0b4a,15,21,237
joomla,latest,80863634,amd64,linux,663923385,sha256:2263f0b9207342fa66e44d6a185d55344f9012f05cd67fb2c34d23571856bcb1,16,21,68
joomla,latest,80863634,amd64,linux,663923385,sha256:9589fa0680c518fcf5e5c4c4a31537b983a36c31c95a85f418cdd5339c546bc0,17,21,49912217
joomla,latest,80863634,amd64,linux,663923385,sha256:2e4d1c17936e66d3e4671e5e94d9fb8617d9f0a9f417e7efa2167f269f60d704,18,21,282066944
joomla,latest,80863634,amd64,linux,663923385,sha256:320ccbcbae3a86175b0ac1d09e5c1c03002c9d85acbd9bd0fe5b0f5ee8f2228c,19,21,46
joomla,latest,80863634,amd64,linux,663923385,sha256:d9ef6f5828462fc3a05d8a5507528b3bbab0d6821cc9c000d1ffd3792006e1c3,20,21,84410368
haskell:9.2.7-slim-buster,9.2.7-slim-buster,7605200,amd64,linux,2448718559,sha256:c9182c1309844145caf2bb754e563d431d79e768794de5b4319dd00d2384c181,1,5,2007897210
haskell:9.2.7-slim-buster,9.2.7-slim-buster,7605200,amd64,linux,2448718559,sha256:f6c0aac24e471067e95af6c1179630214327fcdd2edf174cb47885c858c9d39d,2,5,38377881
haskell:9.2.7-slim-buster,9.2.7-slim-buster,7605200,amd64,linux,2448718559,sha256:c89eb09bf80b7dc586ab7a0205cda40bde8053fb907bcdfe225edfb7f5bc07f2,3,5,59244544
haskell:9.2.7-slim-buster,9.2.7-slim-buster,7605200,amd64,linux,2448718559,sha256:58c7ea38e0099578e2bafe387f9accf20b7a164c301d8e5117462bac94ec4d36,4,5,270532608
haskell:9.2.7-slim-buster,9.2.7-slim-buster,7605200,amd64,linux,2448718559,sha256:0a53e8cb8216978bb97b471fb5841770f4ca4ab6363956f65f3d58920997c3ed,5,5,72666316
logstash:8.6.2,8.6.2,185267401,amd64,linux,767303964,sha256:d543b8cad89e3428ac8852a13cb2dbfaf55b1e10fd95a9753e51faf393d60e81,1,13,492
logstash:8.6.2,8.6.2,185267401,amd64,linux,767303964,sha256:8679120a621c8be8e824d2ad910e1aabb12f935d4c0752984e224aef18e8aeef,2,13,492
logstash:8.6.2,8.6.2,185267401,amd64,linux,767303964,sha256:cfd7d07e15c41f5f31144a79897534f30798ff472e57ee42c15b165eee9eef88,3,13,3177185
logstash:8.6.2,8.6.2,185267401,amd64,linux,767303964,sha256:f47d198a42260f379536219942b6e73e7418cf1dbe9d8b4a464289f24e1d8796,4,13,5068
logstash:8.6.2,8.6.2,185267401,amd64,linux,767303964,sha256:5f70bf18a086007016e948b04aed3b82103a36bea41755b6cddfaf10ace3c6ef,5,13,92
logstash:8.6.2,8.6.2,185267401,amd64,linux,767303964,sha256:39365a72adc8b0bd72d297cb4722b2d437f32e674546c7c89ac5a58972e311b0,6,13,605
logstash:8.6.2,8.6.2,185267401,amd64,linux,767303964,sha256:361eda3b69da1b9fc93638d1c2203ae3be30b70b3f5a7309f7d8bd009c613ac7,7,13,91
logstash:8.6.2,8.6.2,185267401,amd64,linux,767303964,sha256:50f0bf9361b13a19a08963fc6e64c6aee7b808df7e6ac4d1c748c334d4863108,8,13,286
logstash:8.6.2,8.6.2,185267401,amd64,linux,767303964,sha256:6047bef85b7ed6c9870b2c3bce8680cd1d833d508b322e8f6203ecb13d91adcf,9,13,606076928
logstash:8.6.2,8.6.2,185267401,amd64,linux,767303964,sha256:3172992a7fdc72536ee95dfae1c3eb931f7b42a9f45469a30bfd9c720ff58d7c,10,13,336896
logstash:8.6.2,8.6.2,185267401,amd64,linux,767303964,sha256:463f609814a849a4826d80541ec7169051c7bd382761c68baaffc42c50de60dd,11,13,81369497
logstash:8.6.2,8.6.2,185267401,amd64,linux,767303964,sha256:372fd4637dd878b1d8f4b04fcacc97a0283aa101f6f7a7dd0d92cac8500c5860,12,13,76336332
gcc,latest,21418207,amd64,linux,1333573119,sha256:ae56c0c5405b3d38a59b5ec5dfe5db36e8b6ff6ca8595851f903cde13e709282,1,9,12697
gcc,latest,21418207,amd64,linux,1333573119,sha256:24b48387f46743459ad8c3f2a9a0eff07161ff5697c09308f16561b1ab163572,2,9,50995
gcc,latest,21418207,amd64,linux,1333573119,sha256:6a1ebb98b0dcd82185b3c89fc16cc4cc1bff562b0fe9e2e7c888be1bb076c292,3,9,458227712
gcc,latest,21418207,amd64,linux,1333573119,sha256:b86f260e173a767ad95ce5717b5de905de58b34bff072686634a33083a4370b3,4,9,35328
gcc,latest,21418207,amd64,linux,1333573119,sha256:cfd0811d364eb96636b1aa426a728af077f72fb1d06bf212a6b937273c2095ef,5,9,554696704
gcc,latest,21418207,amd64,linux,1333573119,sha256:21aa4f4d59950a0d8daad0bdc153a0407b6d1767e59a0ab4f569593839c681e1,6,9,159383552
gcc,latest,21418207,amd64,linux,1333573119,sha256:b5f83c001d673cb106517b29bac926735ced0b68f2af0752c9db792f2c974b6b,7,9,19922944
gcc,latest,21418207,amd64,linux,1333573119,sha256:bac133945ec12bdc56255dd9ad0c51cebb8c4f9f0041f94327acfaeea1989033,8,9,11219763
gcc,latest,21418207,amd64,linux,1333573119,sha256:ea5e95add4a5cc92147ba61509efec965b34df9f0675bf64419238023af2bd1e,9,9,130023424
thrift,latest,2771555,amd64,linux,130128281,sha256:824bf068fd3dc3ad967022f187d85250eb052f61fe158486b2df4e002f6f984e,1,2,63963136
thrift,latest,2771555,amd64,linux,130128281,sha256:bbbaa499b3952de52fbfb97652a60148d4fd3fff9cf17f1e6a4e19e619f29525,2,2,66165145
kapacitor,latest,52701145,amd64,linux,315778964,sha256:6515074984c6f8bb1b8a9962c8fb5f310fc85e70b04c88442a3939c026dbfad3,1,7,170
kapacitor,latest,52701145,amd64,linux,315778964,sha256:51d804bf834263e266bf0c48b01ebacf868ed961f8a9040c4dcf367ded0325ec,2,7,134
kapacitor,latest,52701145,amd64,linux,315778964,sha256:88120f2b093d2f0adc42855117103a1b662b0baf2b84f5ceaee73783e596f33b,3,7,170917888
kapacitor,latest,52701145,amd64,linux,315778964,sha256:68f3c1900db9abf227263b92e3caf2245fc5e6fed930307f46681a49caff56b9,4,7,44354764
kapacitor,latest,52701145,amd64,linux,315778964,sha256:c58bd0aa5857e69cb960b8d511f90e5220ebda18fb7606e17ad40127d3ecae84,5,7,8441036
kapacitor,latest,52701145,amd64,linux,315778964,sha256:69d1474701c5bcb89a4c5ea4066150a2abcb72961dfe865b54d7c06b0d15fab7,6,7,10485760
kapacitor,latest,52701145,amd64,linux,315778964,sha256:1b1e4e5b81ec50446ec108d5c615b7141445313b261e1f2a4b37f431ca446005,7,7,81579212
t4cc0re/php-env:7.1-cli,7.1-cli,19120,amd64,linux,453934818,sha256:d17d48b2382adda1fd94284c51d725f0226bf20b07f4d29ce09596788bed7e8e,1,9,235
t4cc0re/php-env:7.1-cli,7.1-cli,19120,amd64,linux,453934818,sha256:59fa07111f5f76aeef61f6f145403ece32461df5fb2cbdfc817bd40b36f73a3b,2,9,72246886
t4cc0re/php-env:7.1-cli,7.1-cli,19120,amd64,linux,453934818,sha256:ec1b51d5e255ca1317436c5b961b6e483de9d9016a0534a1efd65bd5627c7c5e,3,9,5447
t4cc0re/php-env:7.1-cli,7.1-cli,19120,amd64,linux,453934818,sha256:e5cdfee690cba369d132925f3b8fe8afbdcfa11e1aa9ee623dcaeae829f7c461,4,9,35441868
t4cc0re/php-env:7.1-cli,7.1-cli,19120,amd64,linux,453934818,sha256:f1ef11beda49e8f0c1ec695fa97121dbd900440686252c28f2d0f2c4b4cd9ea8,5,9,587
t4cc0re/php-env:7.1-cli,7.1-cli,19120,amd64,linux,453934818,sha256:7e45af800227c53107f0b38a9cbdc3955f0d21d8c121a701abd2a3b019b4272c,6,9,13841203
t4cc0re/php-env:7.1-cli,7.1-cli,19120,amd64,linux,453934818,sha256:cfdcab3be8ad95ff0aa3c71a449c20f6257e09df4408e1927ea1cf95fddcf39a,7,9,203423744
t4cc0re/php-env:7.1-cli,7.1-cli,19120,amd64,linux,453934818,sha256:3310022388ae96a433c3636b9874accdd54c78a5123f34f21d3ef0e9c715c183,8,9,128974848
jetty,latest,36847311,amd64,linux,500069395,sha256:62789ffcd78ce0eae545b2743541d5c063270fe9f45477acacf2031b93cea70f,1,6,3502
jetty,latest,36847311,amd64,linux,500069395,sha256:13d30c739d0fe18aa92a1ee4f5486dae58ace451405405182b71b4bdb1a29706,2,6,19293798
jetty,latest,36847311,amd64,linux,500069395,sha256:81090961fd1d14c42473cab334a57632856e277944d13611da5c536dfe129dbc,3,6,344981504
jetty,latest,36847311,amd64,linux,500069395,sha256:dd85e4516987841d51a504571fb9b3fc2068b82776712f6de9937103e60c08c0,4,6,59454259
jetty,latest,36847311,amd64,linux,500069395,sha256:bb61bb848157913f845379bdfbfc47b72bdb4197b82e770b7fd53c305b7f8249,5,6,76336332
kaazing-gateway,latest,1977175,amd64,linux,307865789,sha256:5e6a409f30b62f42e55599490ba76ad82dca8de7b52655ecc8be25c46ad8b2b9,1,9,21181235
kaazing-gateway,latest,1977175,amd64,linux,307865789,sha256:dabfe5b2ea81d864f4c6d49a884ec43489a497606a0fdc875e203b388627e165,2,9,3850
kaazing-gateway,latest,1977175,amd64,linux,307865789,sha256:d35dc7f4c79e18c7cf9b39411661b66fe92999142ec4dd02e9c38c596da80441,3,9,113246208
kaazing-gateway,latest,1977175,amd64,linux,307865789,sha256:3f4d061037d3e4c5706ab779910bd6a815539b3db32e509aa12f6f5b882c30c1,4,9,27
kaazing-gateway,latest,1977175,amd64,linux,307865789,sha256:495b3f445ddf88b8af263dfada3ba23d0af25456839e6504453bb4593c928091,5,9,12373196
kaazing-gateway,latest,1977175,amd64,linux,307865789,sha256:505822d5db0bdfa702e0d0e7d1d5a3d4eb601dcad4777755370624d433516578,6,9,19818086
kaazing-gateway,latest,1977175,amd64,linux,307865789,sha256:fadcfcd1e687fbde9329906abb45803b59f145a28599d2472b3c403e84cbb87e,7,9,11219763
kaazing-gateway,latest,1977175,amd64,linux,307865789,sha256:65d216e7fa4ed333a92359ea5370e11b750886ba0c739c22ae5df267031953a7,8,9,130023424
gradle,latest,192008116,amd64,linux,787822591,sha256:b93c1bd012ab8fda60f5b4f5906bf244586e0e3292d84571d3abb56472248466,1,7,144703488
gradle,latest,192008116,amd64,linux,787822591,sha256:f3a12c51479f5537613108d441e6a91040c420d2abe9cf80c0c310fc03a0a7c9,2,7,165675008
gradle,latest,192008116,amd64,linux,787822591,sha256:c6813289044b303da2684eb9ad4bb63cd304572a158f19e38cb45fb911c3e14d,3,7,342016
gradle,latest,192008116,amd64,linux,787822591,sha256:47a0b225116f1b451e8e86f992b3e91dc23c96b0a50cacfdf994e87d151fdda9,4,7,344981504
gradle,latest,192008116,amd64,linux,787822591,sha256:d1dcead30473f46eaa4e6ab6f0d02b1eb06a7a2e011657d9b4829ff020c60f88,5,7,50541363
gradle,latest,192008116,amd64,linux,787822591,sha256:3bab177eb18412070815280e838cea70efa951a09b8ebf7d8ff4ea7c53950083,6,7,81579212
storm,latest,8619521,amd64,linux,690090700,sha256:b93c1bd012ab8fda60f5b4f5906bf244586e0e3292d84571d3abb56472248466,1,9,514
storm,latest,8619521,amd64,linux,690090700,sha256:04d1dcab20cb3b982103156aae7d5f41f7e72d4039792be8dae98454837e9ec7,2,9,12163481
storm,latest,8619521,amd64,linux,690090700,sha256:e3922ee51bcfd162481174f60f5b77bbe71f9088606f2df3850f51c2d2068652,3,9,378535936
storm,latest,8619521,amd64,linux,690090700,sha256:83e01f6d9fb190f6dda9080e3dd0a536773d4812d2a71632d3f2ab57718204b0,4,9,34707865
storm,latest,8619521,amd64,linux,690090700,sha256:06942f246e2ad004e91af12c2af67f62f368bfa4e2b72781716338df92b4fb36,5,9,336896
storm,latest,8619521,amd64,linux,690090700,sha256:e54e898c10f6cbbdb36097ffbfa912d2074710b44bf330b17339b69dbc90a56c,6,9,146800640
storm,latest,8619521,amd64,linux,690090700,sha256:3a9deb58ddbf9fb48584dd8fbf19d7fe06ff6b9e747fd24fdf66d1b30e0b2e36,7,9,35966156
storm,latest,8619521,amd64,linux,690090700,sha256:f10ad487e5594b593d7b49ddac09e72e3e4cc2408a9008b11b7b603ff54e5667,8,9,81579212
nuxeo,latest,4911606,amd64,linux,1942418521,sha256:c2ddc1bc2645ab5d982c60434d8bbc6aecee1bd4e8eee0df7fd08c96df2d58bb,1,14,2283
nuxeo,latest,4911606,amd64,linux,1942418521,sha256:62d14713f2e98841ec3927e3ab611b13e414a21fb82fc0e604a9008ac53e45dc,2,14,3409
nuxeo,latest,4911606,amd64,linux,1942418521,sha256:1235daf38153d083ae5b4f605acc54f9401143b5fbd033801ba373a8cfb04845,3,14,2109
nuxeo,latest,4911606,amd64,linux,1942418521,sha256:7d890913ab6955350bdd25d04c60dd444db13890c401cbcdc8e00e9bd29c90fc,4,14,44
nuxeo,latest,4911606,amd64,linux,1942418521,sha256:c2e2307780ac2fa0d39cec874c4545156da890c1bcc42b3259114ac29bb598f1,5,14,397410304
nuxeo,latest,4911606,amd64,linux,1942418521,sha256:e63cb31c03542abb6e6fa1a5280bbbb4cb15802f1b4632679ffd042df5681c0d,6,14,343040
nuxeo,latest,4911606,amd64,linux,1942418521,sha256:61ef3b3b77bed64c1f0bb44ff351bfb86ec696792820996fdd5fc09423ea4393,7,14,1005584384
nuxeo,latest,4911606,amd64,linux,1942418521,sha256:ce43a7d78a4155376b86142c26f10ac42b8113644d2661959b8a8043910c805f,8,14,219152384
nuxeo,latest,4911606,amd64,linux,1942418521,sha256:d6925138b8f40fc51603fa0a043eb94344e7a87af0915f80920a278e52dc52a2,9,14,27
nuxeo,latest,4911606,amd64,linux,1942418521,sha256:232d93e4ab7cd94fb5a5455b5bb5b602e03812d6c5d997e3ffc25812acb97f72,10,14,11639193
nuxeo,latest,4911606,amd64,linux,1942418521,sha256:79834273d8bf3209fadab0d8ad2df3d9467acab2834fe971b8b7998ad693114d,11,14,153092096
nuxeo,latest,4911606,amd64,linux,1942418521,sha256:843d33fbfffe981159da9d72c3357ef88c55ea1a5d797b27cceee112584105a7,12,14,18350080
nuxeo,latest,4911606,amd64,linux,1942418521,sha256:8773ecc2c715fa364996f52f4eea8b904d3fdf6cc92c26c38df5f08e9322114a,13,14,17301504
nuxeo,latest,4911606,amd64,linux,1942418521,sha256:9a4d8ddcd9708889de25c0f85d52ec3df9a287205d255f977f2a49c273a8297e,14,14,119537664
ghost,latest,346223458,amd64,linux,554178861,sha256:ed7b0ef3bf5bbec74379c3ae3d5339e666a314223e863c70644f7522a7527461,1,9,610
ghost,latest,346223458,amd64,linux,554178861,sha256:97d3f1dea550d0c0050756002eb47e4841a14c83e044192bdbece17da89d3844,2,9,303038464
ghost,latest,346223458,amd64,linux,554178861,sha256:9c31c1001fb8fab65f19c3e9b493734ea32f931fe80a6754bb7ca976dc2303cb,3,9,47081062
ghost,latest,346223458,amd64,linux,554178861,sha256:3e24c763cd37c3da6013f7eb9dab607e0b90c4c661b3140954e0c15b6852baad,4,9,4498391
ghost,latest,346223458,amd64,linux,554178861,sha256:639c1f18f9c55d1092ec439fbdfe18645344c0068b94258701615355c58ae92b,5,9,388
ghost,latest,346223458,amd64,linux,554178861,sha256:10868fec0053217dc70b1f05b866d2cddbbf6078afe2db420a2290dc8c84ec4a,6,9,9950986
ghost,latest,346223458,amd64,linux,554178861,sha256:df249f099f11696e70b5203b41efcc68be59f7b52fab2498158f65a7403c457e,7,9,104857600
ghost,latest,346223458,amd64,linux,554178861,sha256:01b1dcc27058032506cff7f1e5b1991de02b0591226955f11bb87bdee585c149,8,9,340992
ghost,latest,346223458,amd64,linux,554178861,sha256:6973b65e826eb6a0fb69149bb38288e04c50db570d3a67c017a4eeebb363e66e,9,9,84410368
plone,latest,6408073,amd64,linux,811044832,sha256:61a5c84a1270a2da38fd32b5dd395bc404fb6c02940fa3b302a94d1c105ce499,1,9,14131
plone,latest,6408073,amd64,linux,811044832,sha256:ccc60df26c61cea38c3708cf9fbaf0493862b219afd85a385c4291de60fda7f5,2,9,688914432
plone,latest,6408073,amd64,linux,811044832,sha256:1cd4ee4d7ebb81028a73e7b08ba97595ea6926988eb0968afd1c9f3a05315525,3,9,2232
plone,latest,6408073,amd64,linux,811044832,sha256:38d26247567032a83cf0b7338669198a6c28b6127c2eb237a4759491706316d0,4,9,175104
plone,latest,6408073,amd64,linux,811044832,sha256:9bb829501c40de0400b70eeeffcf94f0d6ca6a06a5524552f8cd8c20645c334d,5,9,12058624
plone,latest,6408073,amd64,linux,811044832,sha256:e42f0eb7aa9821cda5c999aaada95915e0aff58c2a7cc03aa658d69eb968fe27,6,9,32
plone,latest,6408073,amd64,linux,811044832,sha256:2b7b465b452a4fb48505478427d5ee4504066f4bedb6ea810a92dc6335d783ec,7,9,29779558
plone,latest,6408073,amd64,linux,811044832,sha256:048a00d3bc3910821683838c3fea03daabf267da4c5f962393b1d4421d5ca397,8,9,7434403
plone,latest,6408073,amd64,linux,811044832,sha256:30149f7fc64daca719cc330b0f84f9185b912ba0eb5f317f010676985898ac49,9,9,72666316
yqf3139/fission-ui,latest,47346,amd64,linux,120577578,sha256:54522c622682789028c72c5ba0b081d42a962b406cbc1eb35f3175c646ebf4dc,1,6,7853834
yqf3139/fission-ui,latest,47346,amd64,linux,120577578,sha256:57842ac5be45abfe467c4a904ff2d84260ca70cd2d90ca7fc78c6e5d4b15ff5d,2,6,155
yqf3139/fission-ui,latest,47346,amd64,linux,120577578,sha256:473c450db44d0f81194112a3d15eb9afe29ca234b770538fe12169fc4751a8aa,3,6,1648
yqf3139/fission-ui,latest,47346,amd64,linux,120577578,sha256:f77853288045e3ffb5f47c61e1c972fb2557e53ad989d6022f340487cf0fa8a2,4,6,22
yqf3139/fission-ui,latest,47346,amd64,linux,120577578,sha256:9add9f6c9f482dff3012ffc40f400374d1c4fbe3f22a9645c3c1598a1e9e64a9,5,6,54735667
yqf3139/fission-ui,latest,47346,amd64,linux,120577578,sha256:1b2875565157d47f8079006bdde9979523d3cfebe5f503d4df4feeb9d9b685ab,6,6,57986252
lightstreamer,latest,5305632,amd64,linux,546699527,sha256:b93c1bd012ab8fda60f5b4f5906bf244586e0e3292d84571d3abb56472248466,1,7,69310873
lightstreamer,latest,5305632,amd64,linux,546699527,sha256:04d1dcab20cb3b982103156aae7d5f41f7e72d4039792be8dae98454837e9ec7,2,7,3461
lightstreamer,latest,5305632,amd64,linux,546699527,sha256:8ac55e7a3c4603bc06b7261cba955c8c82e06b1a61438a620fcbbc393c6021fd,3,7,8566865
lightstreamer,latest,5305632,amd64,linux,546699527,sha256:749d6cfaa5ebe4522618fa259aebdfaa79dba2d8af4529250ae710071f4d26ca,4,7,351272960
lightstreamer,latest,5305632,amd64,linux,546699527,sha256:271d1a5883f76abb7f181a5aea695818a7a91a888c8a040f303102f7d4de81a1,5,7,35966156
lightstreamer,latest,5305632,amd64,linux,546699527,sha256:bf1d291489c4c694edf83dd5bc44cd0a68a86db266ddf6137d96026e44dd6c9d,6,7,81579212
glassfish,latest,1245356,amd64,linux,811145199,sha256:142a601d97936307e75220c35dde0348971a9584c21e7cb42e1f7004005432ab,1,10,137363456
glassfish,latest,1245356,amd64,linux,811145199,sha256:b2ac5371e0f2f22b9aaff4f23618bfb4c08b632b48c94f0daf85e4c60d454e99,2,10,1656750
glassfish,latest,1245356,amd64,linux,811145199,sha256:a5eb0fc1decba2d88d7134800d1847f9bb3c52f78e5c7e1fede9848006e4cb4c,3,10,428032
glassfish,latest,1245356,amd64,linux,811145199,sha256:edb2d61496b1882265813d0831bd4b5a34da50be333ea13f3fcafaa39274eed0,4,10,365953024
glassfish,latest,1245356,amd64,linux,811145199,sha256:dc7237aeb8e92194ebc16ef06cc814b1e6e47880768005e17b1373d9ff63e649,5,10,87
glassfish,latest,1245356,amd64,linux,811145199,sha256:23eb8cc995ed819f3256f3d208f6c75a95909a885950ee2d3412016b349e2bb2,6,10,61
glassfish,latest,1245356,amd64,linux,811145199,sha256:17c0201149ebbf5fa5ccbb48d6900514610b81f774f6b310686563179e6c7e28,7,10,1342177
glassfish,latest,1245356,amd64,linux,811145199,sha256:1ace073ee479b9fd9f4abe86d6d5c5947c78c3c4fd4a844c6970551bcc45b5cb,8,10,128974848
glassfish,latest,1245356,amd64,linux,811145199,sha256:8cec1c1d38448967b492f26a75baa61aea3f240a3c399db311b0d0f1734ab26f,9,10,46451916
glassfish,latest,1245356,amd64,linux,811145199,sha256:dffdc41054f3ec2e7b642498a715921080de19aca3c8095c4054aa20621c7b3f,10,10,128974848
hipache,latest,423271,amd64,linux,389067801,sha256:5b5be35aaec46eb9b8099c062436783f071b8d87bf039c4fc0b0748939ca71c8,4,15,456
hipache,latest,423271,amd64,linux,389067801,sha256:78ac0e7b1660a4c530a17c1f077641c9fd1678bc22d6a1412bb1de60269156e9,6,15,1698693
hipache,latest,423271,amd64,linux,389067801,sha256:eda5d1b7abcb266920651d9c8ebc488f4fcadda29e6b4d8432f654be7c06ebeb,7,15,557056
hipache,latest,423271,amd64,linux,389067801,sha256:b02c88e1e33339478162644746b4d7abf672db37c78274a49331a43fbbcd96db,9,15,166723584
hipache,latest,423271,amd64,linux,389067801,sha256:8e72c7becf2697865206d21fbdf9f4b7a750ab9428de100f9084391d9aa226c9,10,15,22754099
hipache,latest,423271,amd64,linux,389067801,sha256:1f22833a672aa20f7a31703de980fa9bdd429d6b195307327ae01d4c562194ef,12,15,1945
hipache,latest,423271,amd64,linux,389067801,sha256:5f70bf18a086007016e948b04aed3b82103a36bea41755b6cddfaf10ace3c6ef,14,15,199680
hipache,latest,423271,amd64,linux,389067801,sha256:5f70bf18a086007016e948b04aed3b82103a36bea41755b6cddfaf10ace3c6ef,15,15,197132288
cassandra,latest,181027326,amd64,linux,372636290,sha256:62789ffcd78ce0eae545b2743541d5c063270fe9f45477acacf2031b93cea70f,1,9,2488
cassandra,latest,181027326,amd64,linux,372636290,sha256:6b1ac03c9b1042cb65f2b7680652691d7932c994b1c48f03eab0deabe73849f3,2,9,65640857
cassandra,latest,181027326,amd64,linux,372636290,sha256:e8c68e59027625185eb9d4bee4c8b9b49e3c37c0f17c46564172cfdb9f5e6d10,3,9,4037017
cassandra,latest,181027326,amd64,linux,372636290,sha256:0a01e2cff15922e71fff79992841fbc7af22e8e20b50d8ba12936f758972aa28,4,9,33659289
cassandra,latest,181027326,amd64,linux,372636290,sha256:e650da07e871c3d8a6034b5b8fac9435e89b831441b5111b2a4f8b9c3ac4baed,5,9,336896
cassandra,latest,181027326,amd64,linux,372636290,sha256:a28d5a405fbd03bcc7067849b7b199906c9c30c8e6bed8e018979a2669c039b6,6,9,146800640
cassandra,latest,181027326,amd64,linux,372636290,sha256:9a715b22ceaa89f0092b54390a871b8ec7a580b2978974ecdc8bf60fd6501c89,7,9,45822771
cassandra,latest,181027326,amd64,linux,372636290,sha256:440fcbbcc7c38c6f5295cf534aba43b5b968138a9dbc89fbabdc98943e17992b,8,9,76336332
rails,latest,8881997,amd64,linux,881705657,sha256:b6ca02dfe5e62c58dacb1dec16eb42ed35761c15562485f9da9364bb7c90b9b3,1,11,56937676
rails,latest,8881997,amd64,linux,881705657,sha256:60a0858edcd5aad240966e33389850e4328de4cfb5282977eddda56bffc7f95f,2,11,47605350
rails,latest,8881997,amd64,linux,881705657,sha256:53c779688d06353f7ba4fd7ce1d43ce146ad0278ebead0feea1846383c730024,3,11,8870952
rails,latest,8881997,amd64,linux,881705657,sha256:0a5e2b2ddeaa749d95730bad9be3e3a472ff6f80544da0082a99ba569df34ff3,4,11,1468006
rails,latest,8881997,amd64,linux,881705657,sha256:0abbaea09fe5ffd3a390647936ff184cecd514c7a9ff7c90a900b790a1e1899e,5,11,123731968
rails,latest,8881997,amd64,linux,881705657,sha256:8449699b33dfd82ec80bce25b7b0fede858df3e907b5d1e2b8fb879ccaf1dc1d,6,11,45
rails,latest,8881997,amd64,linux,881705657,sha256:2a5f7e9a33c2eaa1168499f77b012c0cad4a313db430c953ae4e36a6daab807b,7,11,338690048
rails,latest,8881997,amd64,linux,881705657,sha256:c3460377cc14bf15a8c5513180821f8867660765dc466341c15c121b49df20b8,8,11,128974848
rails,latest,8881997,amd64,linux,881705657,sha256:ee7406cd987dac9f2cf5d2aa06a6be4cc3b5b4ade08508680b9378b930174c1c,9,11,46451916
rails,latest,8881997,amd64,linux,881705657,sha256:ed649c99dc69fe0bce1cad0ffd0794cbaf7cd70caaa4ae8c783d7463bdd79c82,10,11,128974848
fsharp,latest,2874422,amd64,linux,637848780,sha256:814bff7343242acfd20a2c841e041dd57c50f0cf844d4abd2329f78b992197f4,1,2,565182464
fsharp,latest,2874422,amd64,linux,637848780,sha256:1c0415ac10110bd421369191e242b4ef4321aba13f0956017e083bc9ec5f3d26,2,2,72666316
piwik,latest,20101431,amd64,linux,470140194,sha256:8b15606a9e3e430cb7ba739fde2fbb3734a19f8a59a825ffa877f9be49059817,1,19,140
piwik,latest,20101431,amd64,linux,470140194,sha256:3863d584480eb7bb37dc5c4bc46e66717abb74167cf8983d0702787dc9cc90c6,2,19,21495808
piwik,latest,20101431,amd64,linux,470140194,sha256:550287289f45e66878ac5f5cd63f4799fa277c05f88fff0a935b1f7c5d5b7afa,3,19,94
piwik,latest,20101431,amd64,linux,470140194,sha256:df8b135e037bfd5dbb1793fcbe4816063bfaee6f7216e1ae51c9e4bd275a5f95,4,19,52848230
piwik,latest,20101431,amd64,linux,470140194,sha256:43ca7bd057fda85e3e355b9b92a165588099da43f9c2eb62589f20212f899f96,5,19,8545894
piwik,latest,20101431,amd64,linux,470140194,sha256:dc15bee11a8333d9a6395da0897c0306e0d1dc66d130fbb84bc844ce9bbc5189,6,19,1382
piwik,latest,20101431,amd64,linux,470140194,sha256:6b35a614806d591602b65e0fc0089895299a5f1f30795ab28c9be92a7bc34a59,7,19,6594
piwik,latest,20101431,amd64,linux,470140194,sha256:3f4adb605b97c94689f5c2e3a5e963e92e74b96c304905e928f2a5e1ecc9ef60,8,19,51589939
piwik,latest,20101431,amd64,linux,470140194,sha256:b898c04aef860f7ab0334484c071a7cdf2a3ac4d69aa84bfbfcd14852bc4502d,9,19,587
piwik,latest,20101431,amd64,linux,470140194,sha256:91a7e8b928ee4d285bfe7556f0d0aab4ffff721f9a51da34b5f5cead4082fb2e,10,19,14155776
piwik,latest,20101431,amd64,linux,470140194,sha256:fdfaecec2a1448a70826b4ff205bf60778cddb6ad56b20847be7829b0459a0fc,11,19,237
piwik,latest,20101431,amd64,linux,470140194,sha256:97ae2c0bfff384577f3be2c5d65b8f0c53347e7f77eecad807bdf8ed1dc294d1,12,19,33
piwik,latest,20101431,amd64,linux,470140194,sha256:ac83e4dc93d9ff4a8adf80017a6d00a73cd07d272ae75f60fc1af542883d670c,13,19,68
piwik,latest,20101431,amd64,linux,470140194,sha256:621696c364357a4bb5105b6baadbb7b7053bf19078e73e1a27c4c80faff4d8a6,14,19,1966
piwik,latest,20101431,amd64,linux,470140194,sha256:07f3f34aa088f4f66ddd3634b4eca78fc405d125bbf22c0aeb17cca4cb55eae1,15,19,44354764
piwik,latest,20101431,amd64,linux,470140194,sha256:a63246036d37e03d4fc57ac7bf2c68f7c9d8c3a7904a73af27c3e838204626d3,16,19,219152384
piwik,latest,20101431,amd64,linux,470140194,sha256:b2513a05e1723a9658e92801dff86ce4f981825f81a2db3f6b3cb22f5e5455c5,17,19,46
piwik,latest,20101431,amd64,linux,470140194,sha256:eec805e19eb9dec6d8430c0b307b28c5210bf78b17e4f9094c558d8093f53992,18,19,57986252
groovy,latest,74047886,amd64,linux,520834169,sha256:b93c1bd012ab8fda60f5b4f5906bf244586e0e3292d84571d3abb56472248466,1,8,34498150
groovy,latest,74047886,amd64,linux,520834169,sha256:f3a12c51479f5537613108d441e6a91040c420d2abe9cf80c0c310fc03a0a7c9,2,8,8891924
groovy,latest,74047886,amd64,linux,520834169,sha256:c6813289044b303da2684eb9ad4bb63cd304572a158f19e38cb45fb911c3e14d,3,8,342016
groovy,latest,74047886,amd64,linux,520834169,sha256:47a0b225116f1b451e8e86f992b3e91dc23c96b0a50cacfdf994e87d151fdda9,4,8,344981504
groovy,latest,74047886,amd64,linux,520834169,sha256:d3d8e6a51806c156c2d786b942affb49e48bf93c3e6304520210fff1a9f67655,5,8,50541363
groovy,latest,74047886,amd64,linux,520834169,sha256:b13a96f7b5e6908ef81afca1d1568fdb55079d96c7ff4a66fbfdb2de4dcd28b9,6,8,81579212
gazebo,latest,4393046,amd64,linux,2077931753,sha256:62789ffcd78ce0eae545b2743541d5c063270fe9f45477acacf2031b93cea70f,1,8,1224065679
gazebo,latest,4393046,amd64,linux,2077931753,sha256:6b2dd3488ca8effe166eab9835a64cf7189b055042489cbc3555b27f15794a7d,2,8,93
gazebo,latest,4393046,amd64,linux,2077931753,sha256:bbcf6c63c9c4cee890ac4c2a9db7e63e2f2e664e23ff64436769135f30faf4ca,3,8,727711744
gazebo,latest,4393046,amd64,linux,2077931753,sha256:0173f776254c160e38987cf54a01e606848e573d24ea80d9e5250a8da606bcb2,4,8,9297
gazebo,latest,4393046,amd64,linux,2077931753,sha256:b7b20b25166ffdc01ac6382c33623b3c0936ac29b7faf1cd13e3dba09084b188,5,8,1249
gazebo,latest,4393046,amd64,linux,2077931753,sha256:2708eab02b110986ce01184992208c4b1029bee1210bb23b7f3072182b2ac303,6,8,45508198
gazebo,latest,4393046,amd64,linux,2077931753,sha256:b4a1d7a2be0da1be6d383987a0094fb25ff0ee526bf709389839512ea7c1cf42,7,8,4299161
gazebo,latest,4393046,amd64,linux,2077931753,sha256:3440c1d7d48c9a374e88626c29987c0a958d3efd7f892e8a39222f233af66035,8,8,76336332
mongo,latest,3665582335,amd64,linux,676673772,sha256:b93c1bd012ab8fda60f5b4f5906bf244586e0e3292d84571d3abb56472248466,1,9,14540
mongo,latest,3665582335,amd64,linux,676673772,sha256:e3e5ea47c2303f049205530cf52e1728cecb8fd6feac48595087259a9725665e,2,9,578813952
mongo,latest,3665582335,amd64,linux,676673772,sha256:87047428b3b8966091262ead2603ba8af39b06e57569e49fa4faf162515ab8a6,3,9,116
mongo,latest,3665582335,amd64,linux,676673772,sha256:00fcec7e6f5e0c70a519341f080c92fdbf77b4cc0b25957a4c6fa168c60232a6,4,9,1187
mongo,latest,3665582335,amd64,linux,676673772,sha256:9e2dcaf4c3853ab5939b3df917726c55d996e5bc1d99e3bf8631476b68b319c7,5,9,3659530
mongo,latest,3665582335,amd64,linux,676673772,sha256:4bbae2b76fac94d34332fcb0af49f5d584411f2553a2b15ebd8a2606c3aecf3f,6,9,12268339
mongo,latest,3665582335,amd64,linux,676673772,sha256:4597946c26f126c426280e6b72501b9c2703ba1a7621785addda069a7b75257a,7,9,336896
mongo,latest,3665582335,amd64,linux,676673772,sha256:5cd06aeffaa254e665705ca242b69378f6bc3e7dfee891ee09a5409a6f847446,8,9,81579212
redmine,latest,64004399,amd64,linux,631794619,sha256:3af14c9a24c941c626553628cf1942dcd94d40729777f2fcfbcd3b8a3dfccdd6,1,12,5212
redmine,latest,64004399,amd64,linux,631794619,sha256:e6b1be147367cb9b7f205b114be732949db13c7b309ff8e78ebbf9d9ab6e8914,2,12,130023424
redmine,latest,64004399,amd64,linux,631794619,sha256:7b4249d1dd33abc0cd1d21a3042d87652896bde8043c5d01405b9ad29e164d41,3,12,14470348
redmine,latest,64004399,amd64,linux,631794619,sha256:863802c094971ed8a22bf31f45393c215acab18881656112973d93010892abc6,4,12,304087040
redmine,latest,64004399,amd64,linux,631794619,sha256:ad5faf47488844f110a90833a05835417eb22ad2a191f2944c429403cb9cc058,5,12,336896
redmine,latest,64004399,amd64,linux,631794619,sha256:9cf6f5667c899c110a25395a25748692c7478cdd785ce56b08903ee6591a9425,6,12,61027123
redmine,latest,64004399,amd64,linux,631794619,sha256:f5d2d06c9045ef39a36c0eabfee7ebf9eff867dd8d8885b173daee980f358429,7,12,45
redmine,latest,64004399,amd64,linux,631794619,sha256:62e46d5da691cb89dbdfd6522f941383e828bb887ed08a6f2165c3d5732e175b,8,12,37434163
redmine,latest,64004399,amd64,linux,631794619,sha256:550b6f010ba0f0930e01f9d32d765704d4289b25dd7c0195754d7fb495d0e2a5,9,12,84410368
geonetwork,latest,5006969,amd64,linux,782684280,sha256:62789ffcd78ce0eae545b2743541d5c063270fe9f45477acacf2031b93cea70f,1,9,2682
geonetwork,latest,5006969,amd64,linux,782684280,sha256:6b1ac03c9b1042cb65f2b7680652691d7932c994b1c48f03eab0deabe73849f3,2,9,485490688
geonetwork,latest,5006969,amd64,linux,782684280,sha256:e9751e89b47ba6e0c4069a4a26454bf60ba70fcb2eb524c58e39b55039c2bbbc,3,9,1803550
geonetwork,latest,5006969,amd64,linux,782684280,sha256:cccc0f86d3b0fe9a9c7dca29b28f5555eff2a72ea478d91b17529dadc6112fd0,4,9,3502
geonetwork,latest,5006969,amd64,linux,782684280,sha256:01a5c03731439d8c3320ba10080ec87679548ae50d1359a5e6f249bb14784a08,5,9,13841203
geonetwork,latest,5006969,amd64,linux,782684280,sha256:5773fab5a14f93e76ef2097b65c751ba096889760dca3e4f520b4b3a83ece411,6,9,159383552
geonetwork,latest,5006969,amd64,linux,782684280,sha256:9694130a576180e2bb3096efd58fc8a700fbbf678e90495019628040480c3272,7,9,45822771
geonetwork,latest,5006969,amd64,linux,782684280,sha256:3978c45555b97dbe509297c01d4bf29e8bbdf5ef2d0bd6fd5bfb2896b22ee514,8,9,76336332
celery,latest,3359313,amd64,linux,225818438,sha256:007ab444b234be691d8dafd51839b7713324a261b16e2487bf4a3f989ded912d,1,9,70
celery,latest,3359313,amd64,linux,225818438,sha256:e2a576046222da3c29f237fa2d751d18c7a8f875ddc32fc803466aeaf998b9ee,2,9,11219763
celery,latest,3359313,amd64,linux,225818438,sha256:b5fa8e7e036448cb8c431f6b28eb1fbc4573c9330b197c7a0ba8e2292fa9fc2f,3,9,5106565
celery,latest,3359313,amd64,linux,225818438,sha256:4437df14034b8c6be5537d719f45f305b8e3365e01abe23a2207ba0963618214,4,9,343040
celery,latest,3359313,amd64,linux,225818438,sha256:2b3426b547f7dade968deaaed73f75d25a883f6688f817ec0c3d1999b2a5c7cf,5,9,5924454
celery,latest,3359313,amd64,linux,225818438,sha256:df324182704a2a1f6229c5712619b2f2f8e5c0e79c1c90c97b99f2c9e8f0a22d,6,9,32
celery,latest,3359313,amd64,linux,225818438,sha256:bfac39c3713affaa50703d23c5a3dfd7a4f54bdae75af9ea23551cf221b3ae7c,7,9,65745715
celery,latest,3359313,amd64,linux,225818438,sha256:5c5a2dec46e80510abd744b0d469feaa20a5c10d70c937748509577c5a280dfb,8,9,8503951
celery,latest,3359313,amd64,linux,225818438,sha256:e4cff87cc854a86536342699faf3e67ce0c2ccf4b735d9998991a024e6fe4db6,9,9,128974848
java:6,6,141596579,amd64,linux,440360062,sha256:6b263e23c1400ea96fee5d55d79169305d520fa92f3901c029689c413ffeeb1d,1,6,219152384
java:6,6,141596579,amd64,linux,440360062,sha256:a4a824d14143377db2051869de732358a20f783215e05097a81b0814f7331c5a,2,6,87
java:6,6,141596579,amd64,linux,440360062,sha256:f37373e70b4d59e29fdce49216e20514d0cd33b7c828dde1faed0c8a9b4e31f6,3,6,1111490
java:6,6,141596579,amd64,linux,440360062,sha256:010343728620e173707963d1f1404a7b3d91909cb43a44bd3a5888e2b4e61c8b,4,6,115343360
java:6,6,141596579,amd64,linux,440360062,sha256:c044d31190e3df2f72e70058dd04727d73af39344baa6b72027d111aeddfe11a,5,6,15309209
java:6,6,141596579,amd64,linux,440360062,sha256:f0afa7c1206062dec99008ec5afcc26b5112de33d7f2fa4b1849984a84bfcafd,6,6,89443532
pypy,latest,38023745,amd64,linux,1011791952,sha256:ae56c0c5405b3d38a59b5ec5dfe5db36e8b6ff6ca8595851f903cde13e709282,1,8,10800332
pypy,latest,38023745,amd64,linux,1011791952,sha256:24b48387f46743459ad8c3f2a9a0eff07161ff5697c09308f16561b1ab163572,2,8,116391936
pypy,latest,38023745,amd64,linux,1011791952,sha256:6a1ebb98b0dcd82185b3c89fc16cc4cc1bff562b0fe9e2e7c888be1bb076c292,3,8,9353297
pypy,latest,38023745,amd64,linux,1011791952,sha256:b86f260e173a767ad95ce5717b5de905de58b34bff072686634a33083a4370b3,4,8,554696704
pypy,latest,38023745,amd64,linux,1011791952,sha256:cfd0811d364eb96636b1aa426a728af077f72fb1d06bf212a6b937273c2095ef,5,8,159383552
pypy,latest,38023745,amd64,linux,1011791952,sha256:fbdec875c5d6b17917ec3f9cab765580f19339e71c15b56284f201a855e17690,6,8,19922944
pypy,latest,38023745,amd64,linux,1011791952,sha256:9404ab9294e6c1edfc6b87cb9aae816ffab7bfb2ee1c72597e6ed31902cc8b7c,7,8,11219763
pypy,latest,38023745,amd64,linux,1011791952,sha256:6aa9161c73310387df1ecc74d8cf762c00dca9db05ffd2cb9f04be05c51646c6,8,8,130023424
jenkins:2.60.3,2.60.3,148319861,amd64,linux,730126310,sha256:3b10514a95bec77489a57d6e2fbfddb7ddfdb643907470ce5de0f1b05c603706,1,20,7772
jenkins:2.60.3,2.60.3,148319861,amd64,linux,730126310,sha256:719d45669b35360e3ca0d53d159c42ca9985eb925a6b28ac38d0ded39a1314e8,2,20,4055
jenkins:2.60.3,2.60.3,148319861,amd64,linux,730126310,sha256:ce6466f43b110e66d7d3a72600262a1f1b015d9a64aad5f133f081868d4825fc,3,20,1259
jenkins:2.60.3,2.60.3,148319861,amd64,linux,730126310,sha256:fa0c3f992cbd10a0569ed212414b50f1c35d97521f7e4a9e55a9abcf47ca77e2,4,20,5120
jenkins:2.60.3,2.60.3,148319861,amd64,linux,730126310,sha256:c477b6c8ca459c76222eb535faedb8979f4094552ac2a6cd56cb0f29262fdcfb,5,20,328
jenkins:2.60.3,2.60.3,148319861,amd64,linux,730126310,sha256:9c2e8b91bfa88a95f732adec2bfc5c03fb40c535e6646ecf386235cdfb4e0e96,6,20,74029465
jenkins:2.60.3,2.60.3,148319861,amd64,linux,730126310,sha256:c3ebb2aa7787555b542be6400d8064ae209a29d90c6e1b99ac5d02d5040392b4,7,20,328
jenkins:2.60.3,2.60.3,148319861,amd64,linux,730126310,sha256:518c9e7eb3264c27c8d77b4d194c80d14373c5942c2da2e4409f062573139f1b,8,20,841728
jenkins:2.60.3,2.60.3,148319861,amd64,linux,730126310,sha256:571ae0d6961ab39851cdf93f5a753902cdd563d82e78cea54cbb6b0d420eb8f4,9,20,340992
jenkins:2.60.3,2.60.3,148319861,amd64,linux,730126310,sha256:9fe468dbb76f324cd4287ea7e32edf6fe0f8aa993776fc152a17ae4a9a68f948,10,20,363520
jenkins:2.60.3,2.60.3,148319861,amd64,linux,730126310,sha256:6ff38243bfb80a82749f0a954d1bd2faaa5673de4be5d5d9665100e2785fed40,11,20,364904448
jenkins:2.60.3,2.60.3,148319861,amd64,linux,730126310,sha256:c19390bb619a105dd32e573b3a26765216ee27736304266909104607045b4779,12,20,33
jenkins:2.60.3,2.60.3,148319861,amd64,linux,730126310,sha256:a0775f499ef138c2badd29831b31c28f4515c7802d0bde35111c8f8c7b60ed7d,13,20,87
jenkins:2.60.3,2.60.3,148319861,amd64,linux,730126310,sha256:1db7316340117880a83816808041a1f9ea1848632ab72f51ce79fb60a6135e3e,14,20,2317352
jenkins:2.60.3,2.60.3,148319861,amd64,linux,730126310,sha256:047f9c957a2e718be97e9928f1170d25e7dadd71737ca2a1e8e3db139c905915,15,20,148897792
jenkins:2.60.3,2.60.3,148319861,amd64,linux,730126310,sha256:ceed640cbb9350a13ce3051520b59833fb2fc4bc05c69873792293a2a27a485c,16,20,8178892
jenkins:2.60.3,2.60.3,148319861,amd64,linux,730126310,sha256:d51e4482f53a5764af588bea1c8dda817e968af11e7e2df3ae3051757e1dc533,17,20,24326963
jenkins:2.60.3,2.60.3,148319861,amd64,linux,730126310,sha256:37c1d818eb0bf741290f4122d6ae95b1dffb1f544896b0089ad7789613fa8804,18,20,105906176
rocket.chat,latest,71961006,amd64,linux,1397480529,sha256:c9182c1309844145caf2bb754e563d431d79e768794de5b4319dd00d2384c181,1,4,1213328261
rocket.chat,latest,71961006,amd64,linux,1397480529,sha256:e9662893d8b10797bd93e2ed774738ac262b4d3584882b760787712b28d0a319,2,4,336896
rocket.chat,latest,71961006,amd64,linux,1397480529,sha256:8c94e350d3fea1dd71d30ae026ee6d80c608b796d68fbe4463fee8788e11f8f9,3,4,111149056
rocket.chat,latest,71961006,amd64,linux,1397480529,sha256:14cd4634fcf4f87fbc188dc5d6cf8a9bab21229d166a330b9d51b059f4117819,4,4,72666316
sentry,latest,118540248,amd64,linux,910202984,sha256:67ecfc9591c8a90936d6f1c27a3b0c907ea7d62a4d8255a3f34691344e8243f2,1,14,519
sentry,latest,118540248,amd64,linux,910202984,sha256:fa8a1ddb27a931cce0ce59ba9c83fcca21e833a21172bca823068cd517fa4fa0,2,14,1996
sentry,latest,118540248,amd64,linux,910202984,sha256:665e825cba385c0e7176b6bb05ae6f6e863d11a2745e5385d0192cdde733cb67,3,14,10086
sentry,latest,118540248,amd64,linux,910202984,sha256:38a2bb5b1afc493de06ca181c36e07ec6870f6ff6a2d018a2ceafa013a8b66c0,4,14,398458880
sentry,latest,118540248,amd64,linux,910202984,sha256:afaefbeb369a195909bb473b5894c6b8cc0fa606c7bdc2fdcd296700c21bf3ca,5,14,10307502
sentry,latest,118540248,amd64,linux,910202984,sha256:8b6ef830465301d2247d99a388bb248b1fbcf8121dbbc4eb33d0549edcdb746d,6,14,1625292
sentry,latest,118540248,amd64,linux,910202984,sha256:86bb093d76a2883641ea89a77745107b6c6f4ae80fb2256bb6e2baae3ecb4638,7,14,3995074
sentry,latest,118540248,amd64,linux,910202984,sha256:f7d2e47b3b9381368d274afc90029c84a9b977fadd080620d6ad739bb8552458,8,14,369098752
sentry,latest,118540248,amd64,linux,910202984,sha256:b3758e49ac8be7c2c5809963262de627132ff131bfae896117f6accca6087f8b,9,14,340992
sentry,latest,118540248,amd64,linux,910202984,sha256:1367ce0ba4a32fae3012140224eb6705cb1c7e7d66536ba3d2b836cd3548d2ab,10,14,7790919
sentry,latest,118540248,amd64,linux,910202984,sha256:0e413f37e4845a5ae451943d394bfaf9ccf02bde04a037706168ba3a1f9f2c9b,11,14,53791948
sentry,latest,118540248,amd64,linux,910202984,sha256:3aa8266990898254d1e4296dbbd2bfdf4813fb34f345b742d57cdc4b9a4b1a15,12,14,6794772
sentry,latest,118540248,amd64,linux,910202984,sha256:95cc43f01c3307e84b2bb01d461363556a81a12947488b584925c53ef41454ea,13,14,57986252
kibana:8.6.2,8.6.2,143666639,amd64,linux,761977548,sha256:d543b8cad89e3428ac8852a13cb2dbfaf55b1e10fd95a9753e51faf393d60e81,1,15,336896
kibana:8.6.2,8.6.2,143666639,amd64,linux,761977548,sha256:99303449edb490e114a382942509209c897cbb207e045c457302b3a6dde6b3cf,2,15,514048
kibana:8.6.2,8.6.2,143666639,amd64,linux,761977548,sha256:9ac577d2bdeccfa982be26bd2bdde9572c417eb4d0562e2af29efb396cf82508,3,15,249
kibana:8.6.2,8.6.2,143666639,amd64,linux,761977548,sha256:42595c3181d3c97fc63848dc1046c7347e3cc84b6ea4fc1c848a41b103da1730,4,15,17100
kibana:8.6.2,8.6.2,143666639,amd64,linux,761977548,sha256:ec14937500281101923e56266cdcd8737c070912b2f9f5869f743c2975e32d10,5,15,249
kibana:8.6.2,8.6.2,143666639,amd64,linux,761977548,sha256:5f70bf18a086007016e948b04aed3b82103a36bea41755b6cddfaf10ace3c6ef,6,15,17
kibana:8.6.2,8.6.2,143666639,amd64,linux,761977548,sha256:d2d1ffd28f75a65da75e6d7fe14056cb3220d99359383128978c24be56f0c397,7,15,636485632
kibana:8.6.2,8.6.2,143666639,amd64,linux,761977548,sha256:7d6cfc2ab4ac06733b7f47274c77e5d23993772afbfd7eab4ce090677a637a59,8,15,27852
kibana:8.6.2,8.6.2,143666639,amd64,linux,761977548,sha256:5f70bf18a086007016e948b04aed3b82103a36bea41755b6cddfaf10ace3c6ef,9,15,21286092
kibana:8.6.2,8.6.2,143666639,amd64,linux,761977548,sha256:8b591826af94be92a4b65252c82a7cba06d70c1b1158b3aff9ac35733c7c6488,10,15,24678
kibana:8.6.2,8.6.2,143666639,amd64,linux,761977548,sha256:df575e3200971ec266590d62ce00c87eba35b615251fb5f65a5c9786c33eb431,11,15,26948403
kibana:8.6.2,8.6.2,143666639,amd64,linux,761977548,sha256:8f024be44f43c12ef6315a5d9623b8b0ee4fa943567e5959e3c5373e7393c972,12,15,76336332
ros,latest,24012856,amd64,linux,787112410,sha256:b93c1bd012ab8fda60f5b4f5906bf244586e0e3292d84571d3abb56472248466,1,11,72246886
ros,latest,24012856,amd64,linux,787112410,sha256:fb7b64bdf629fb5dfac80cfb92e578a6d31506d212f3de0b955eff2b49ab1682,2,11,7362
ros,latest,24012856,amd64,linux,787112410,sha256:16670cc2996be25c56b4a79029d979092e072ef17711cfcc79ac9291dcc43b6c,3,11,1163919
ros,latest,24012856,amd64,linux,787112410,sha256:0b8e1fdbb951c83a05cbdaede5f1bf44207c7c7953d9126131cd397a8e5e6f8f,4,11,270532608
ros,latest,24012856,amd64,linux,787112410,sha256:9464b9ac8b6074c45a55e34fa5e3efa2dd65c5cb7db58c9fe0be22480a9c37cc,5,11,99
ros,latest,24012856,amd64,linux,787112410,sha256:794b24e09a6ce9092c201c89e8e61f3f50877f71a921f8e92779076bfaf8ea0f,6,11,348127232
ros,latest,24012856,amd64,linux,787112410,sha256:dc852efed39a09d63930f6cff634251d5054ef0b96e809b74c3a3e2dff51a4f0,7,11,1812
ros,latest,24012856,amd64,linux,787112410,sha256:e49f4967b35667f5bbfa2db67bb403ad76c58c7cf0641c390b42ea04469754a9,8,11,51
ros,latest,24012856,amd64,linux,787112410,sha256:18c59c78a680639e7101b799760b5e28e40ed80dc8b5b128f478cc60f22d6c09,9,11,9112125
ros,latest,24012856,amd64,linux,787112410,sha256:1b9ec684783bead25e146c9ba09add9d32e5af4a310bbe4f9d8640810437a909,10,11,4341104
ros,latest,24012856,amd64,linux,787112410,sha256:439381979e8232ad381b6fe742c7a9c558760d17ee9efbd14369fabeb2ad2d6c,11,11,81579212
elasticsearch:8.6.2,8.6.2,746301671,amd64,linux,1386727351,sha256:d543b8cad89e3428ac8852a13cb2dbfaf55b1e10fd95a9753e51faf393d60e81,1,10,144384
elasticsearch:8.6.2,8.6.2,746301671,amd64,linux,1386727351,sha256:ed47baea0901f3c54fe357768bc6c9beb0ab03b5f34458026c81d75d88f9c019,2,10,329
elasticsearch:8.6.2,8.6.2,746301671,amd64,linux,1386727351,sha256:4e3be8ee5b1baf28c1e064e0e0baf681da7d48ed7d57b94cf7dab700edd5be00,3,10,519168
elasticsearch:8.6.2,8.6.2,746301671,amd64,linux,1386727351,sha256:5f70bf18a086007016e948b04aed3b82103a36bea41755b6cddfaf10ace3c6ef,4,10,3594
elasticsearch:8.6.2,8.6.2,746301671,amd64,linux,1386727351,sha256:3287087ae274ce761738abcbb634bd4688fbfd6bf9975f2bcd61156a261d5ad2,5,10,24678
elasticsearch:8.6.2,8.6.2,746301671,amd64,linux,1386727351,sha256:61017983c96acf354714754cc0ab94ecc3bd4a4fbd584fe2d74ca45a5d234ff2,6,10,1288490188
elasticsearch:8.6.2,8.6.2,746301671,amd64,linux,1386727351,sha256:60de94a98bebc0eb5b0a39627aa0a55361b5ba3b04e02924e8d38fbcac29358a,7,10,342016
elasticsearch:8.6.2,8.6.2,746301671,amd64,linux,1386727351,sha256:ad7d2307e777ea854d0519e10dfc8ecff3640848ec62d7a7a34aba6d09aa8001,8,10,20866662
elasticsearch:8.6.2,8.6.2,746301671,amd64,linux,1386727351,sha256:9d38946fce9a4fb05b5a83acd4bfb23840aa2c042c113b5f7456dd8fc0102a74,9,10,76336332
ubuntu-debootstrap,latest,8873586,amd64,linux,91330969,sha256:5f70bf18a086007016e948b04aed3b82103a36bea41755b6cddfaf10ace3c6ef,2,2,91330969
owncloud,latest,56507057,amd64,linux,646552814,sha256:7b4e562e58dcb7fbe1e27bb274f0ff8bfeb2fd965203380436e159df9f218900,1,21,208
owncloud,latest,56507057,amd64,linux,646552814,sha256:5fbcd9a02436dc26173cff4d0fcf6eea4ff473a235e72f6ec656f48a26ae8a2e,2,21,125829120
owncloud,latest,56507057,amd64,linux,646552814,sha256:2fbf086236e5b3a31a11fe06c8dfa26858ff095d90f6e6e35158328cfd5252a7,3,21,4404019
owncloud,latest,56507057,amd64,linux,646552814,sha256:c25c4aba0c635ad4f4666e53dc1131d83e1cfcf743d0d922edc82c8e813876c0,4,21,30
owncloud,latest,56507057,amd64,linux,646552814,sha256:bcd6f0091bba37f595fb4c3985ef32031d62dceb73de591360400d8bf217105a,5,21,172
owncloud,latest,56507057,amd64,linux,646552814,sha256:6c26c5566c3736459b0e8eb419329928895882048e7b0bb643ea665e4b3bc062,6,21,3554672
owncloud,latest,56507057,amd64,linux,646552814,sha256:c8500dc8d34245ccbc30271064abeae4ce0b74322a585328cb0c6a4efbcfb3d1,7,21,117440512
owncloud,latest,56507057,amd64,linux,646552814,sha256:58cd3b2b073c609ea46c606eea5cfd36e3ac41aa943bdc74df923057e49af989,8,21,1382
owncloud,latest,56507057,amd64,linux,646552814,sha256:f4d3eff47c621d4e66e45d4cfd0bbc60e67d7e3b42bbe9745ea939a492a77631,9,21,20
owncloud,latest,56507057,amd64,linux,646552814,sha256:cd27e9cdba629eab37560d5dd7b1b53899dc963aba215d53b729db71cd556418,10,21,6584
owncloud,latest,56507057,amd64,linux,646552814,sha256:9ab9eef0e13699aa29657f9ad243280c3eae3101516ad18c84b5965351b991fb,11,21,59768832
owncloud,latest,56507057,amd64,linux,646552814,sha256:d3fe850018367d11e45adef1aea4b64c1290ae3fac21b319b8d2e0fa3b088dee,12,21,587
owncloud,latest,56507057,amd64,linux,646552814,sha256:708942a92eb6e300ade239ef1e69b5817da31f2566de0e2205073f92304a968b,13,21,14050918
owncloud,latest,56507057,amd64,linux,646552814,sha256:eccae807381763be7312908742cba2a869d576851cd17fbf8622e938f44b5842,14,21,237
owncloud,latest,56507057,amd64,linux,646552814,sha256:14787a8a491ea779d6a1adef20ea0294680b8063b6a4fd0b543765e03a9f9945,15,21,68
owncloud,latest,56507057,amd64,linux,646552814,sha256:f6317973ad487b679470c3125c5f314cbf40fd0c6288ab9d62246aa456ebb8d1,16,21,2007
owncloud,latest,56507057,amd64,linux,646552814,sha256:14b163b7ec575d3884ed21c2a67b91357a795a5119d77d91f929322a88eb0329,17,21,44354764
owncloud,latest,56507057,amd64,linux,646552814,sha256:d62c355d2ddb3029191dffb0b109e6bf4aeee597d7a26f66d177c3fa32eca713,18,21,219152384
owncloud,latest,56507057,amd64,linux,646552814,sha256:cf282378a6181fd8c5b47823c8fa371fbecf94bf25694b9dbd1e9f79a839e467,19,21,46
owncloud,latest,56507057,amd64,linux,646552814,sha256:abfc4688e0923c5a53e8b31f58f8fa69dbd70fab41b2e0457c6729fd7f3bafa7,20,21,57986252
jruby,latest,49015946,amd64,linux,314195356,sha256:62789ffcd78ce0eae545b2743541d5c063270fe9f45477acacf2031b93cea70f,1,9,2873098
jruby,latest,49015946,amd64,linux,314195356,sha256:6b1ac03c9b1042cb65f2b7680652691d7932c994b1c48f03eab0deabe73849f3,2,9,45
jruby,latest,49015946,amd64,linux,314195356,sha256:a0b58a73346ab78d75e8aacf3fbe7d7de8077d5c705ac571cb0b44eff068f767,3,9,47185920
jruby,latest,49015946,amd64,linux,314195356,sha256:58831b4889bce16d74f2318cdf78ad96fd3334ab03fb48a153ec913f24cd824e,4,9,27682406
jruby,latest,49015946,amd64,linux,314195356,sha256:ea75ffe35ea04c30835eb74add9832b7708e6190c7b9fefdc0a39d6074c38456,5,9,114294784
jruby,latest,49015946,amd64,linux,314195356,sha256:b10fa0b84f349205394a61939b90f36f505cf688114794d9c9ae3a051e1ad87e,6,9,45822771
jruby,latest,49015946,amd64,linux,314195356,sha256:d745edc088aba3e91d2c2cf3aaa975751a8bf53e900113afc8d2c9518c7840ab,7,9,76336332
clojure,latest,33661079,amd64,linux,623232810,sha256:b93c1bd012ab8fda60f5b4f5906bf244586e0e3292d84571d3abb56472248466,1,9,378
clojure,latest,33661079,amd64,linux,623232810,sha256:f3a12c51479f5537613108d441e6a91040c420d2abe9cf80c0c310fc03a0a7c9,2,9,802
clojure,latest,33661079,amd64,linux,623232810,sha256:c6813289044b303da2684eb9ad4bb63cd304572a158f19e38cb45fb911c3e14d,3,9,125829120
clojure,latest,33661079,amd64,linux,623232810,sha256:47a0b225116f1b451e8e86f992b3e91dc23c96b0a50cacfdf994e87d151fdda9,4,9,5096079
clojure,latest,33661079,amd64,linux,623232810,sha256:f61251de5cadf25899983f519ad5ba26f91b7d289f7dc077d871d69a1d71c337,5,9,15204352
clojure,latest,33661079,amd64,linux,623232810,sha256:fdabd328f16ceac3b9f2d91d0d0b57edc0f40f8d4d5af2184a896d7224309088,6,9,344981504
clojure,latest,33661079,amd64,linux,623232810,sha256:f6005d3d797510fafb4b66a267b35dd57dd99ee65b41b6c0dd84a3d1074c61b9,7,9,50541363
clojure,latest,33661079,amd64,linux,623232810,sha256:18b3516cee9c8d3a459d488d8a763019af8152277419c8d397f9e8720c967b6e,8,9,81579212
tomee,latest,20729473,amd64,linux,349730752,sha256:62789ffcd78ce0eae545b2743541d5c063270fe9f45477acacf2031b93cea70f,1,8,58195968
tomee,latest,20729473,amd64,linux,349730752,sha256:13d30c739d0fe18aa92a1ee4f5486dae58ace451405405182b71b4bdb1a29706,2,8,72601
tomee,latest,20729473,amd64,linux,349730752,sha256:5d18bc99f9d154343c05175bd21a1e21218dbc011580c20a6718c0fd32cb171e,3,8,8870952
tomee,latest,20729473,amd64,linux,349730752,sha256:8abed9642d4bfbfb6621b7d5a86ec2cda0efdc7c44476f5bbcb006687872f5e0,4,8,146800640
tomee,latest,20729473,amd64,linux,349730752,sha256:baab8c5bb2d83d64ad14981d55e0261dbeb6a60933445f2f6fd0f1c9f2416fb4,5,8,59454259
tomee,latest,20729473,amd64,linux,349730752,sha256:1b8f55c629051be0c96197b67b9d2458f220bd4300dafb746e5b08d14be3a3bf2,6,8,76336332
django,latest,21694795,amd64,linux,457546185,sha256:b6ca02dfe5e62c58dacb1dec16eb42ed35761c15562485f9da9364bb7c90b9b3,1,6,38797312
django,latest,21694795,amd64,linux,457546185,sha256:40cc5c729ee12cbf17805f72beb035b2356a9e0a4ec7926a258355fa3713c0dd,2,6,214958080
django,latest,21694795,amd64,linux,457546185,sha256:f72299e7fd5a1ae319466b83cadd42abe15661fd2cf9afa92f49cdd7a534df51,3,6,48
django,latest,21694795,amd64,linux,457546185,sha256:4bd3b46a8734dd8cb6f7fee98cb9c9084a9ce4dd0242c9f7659b0f2c660f5692,4,6,67004006
django,latest,21694795,amd64,linux,457546185,sha256:6d0632e611f48587e00a3c093d4afddcbc637995122666b65e08a637ef1603a6,5,6,7811891
django,latest,21694795,amd64,linux,457546185,sha256:e6d982acf7bfa32b3d8187f4e3a680726c5b11fcf49571f92582289198948309,6,6,128974848
flink,latest,84547225,amd64,linux,820138646,sha256:b93c1bd012ab8fda60f5b4f5906bf244586e0e3292d84571d3abb56472248466,1,10,5416
flink,latest,84547225,amd64,linux,820138646,sha256:04d1dcab20cb3b982103156aae7d5f41f7e72d4039792be8dae98454837e9ec7,2,10,537919488
flink,latest,84547225,amd64,linux,820138646,sha256:e3922ee51bcfd162481174f60f5b77bbe71f9088606f2df3850f51c2d2068652,3,10,3397386
flink,latest,84547225,amd64,linux,820138646,sha256:83e01f6d9fb190f6dda9080e3dd0a536773d4812d2a71632d3f2ab57718204b0,4,10,2411724
flink,latest,84547225,amd64,linux,820138646,sha256:7c473c585f3bad753fb6bed0a498b9a594856c513963478b4a504c36ebf62551,5,10,12058624
flink,latest,84547225,amd64,linux,820138646,sha256:30609c5f3486181270c90ae17eaac93d87af1b41adfb8b14024527d04618c3a3,6,10,146800640
flink,latest,84547225,amd64,linux,820138646,sha256:18cf482aac3bae5b2d32716bedd8c61b4cc06d6df0148b50d63a7946c27be350,7,10,35966156
flink,latest,84547225,amd64,linux,820138646,sha256:162af2df040f87bb3bffe8a7e7946c7e02b2d9ffb2aff42611834af59a8a0ddb,8,10,81579212
php-zendserver,latest,4141629,amd64,linux,1076174824,sha256:b7e0fa7bfe7f9796f1268cca2e65a8bfb1e010277652cee9a9c9d077a83db3c4,1,12,2334
php-zendserver,latest,4141629,amd64,linux,1076174824,sha256:e56d0f43cbbb1730afd30befb0dcad3669f42fa23d51b5d1ddff6073d79ad001,2,12,3000
php-zendserver,latest,4141629,amd64,linux,1076174824,sha256:941dd9ed8e2feed68bd0f71a7f714134c1b07b776f4f4b4c743f397678d86455,3,12,35942
php-zendserver,latest,4141629,amd64,linux,1076174824,sha256:6e7f2cd59e832aa403a8b838d8ffaf8bd5883aa4eef42295cbc6c7d075434c85,4,12,23592960
php-zendserver,latest,4141629,amd64,linux,1076174824,sha256:9e807fb5eb1abd08b11f550d0fa2d40fd0cb5fa2ffbc52421442eb615e8fe8ac,5,12,82841
php-zendserver,latest,4141629,amd64,linux,1076174824,sha256:95b87b687ea5e0cd4e79ce43efbd1d4d7aff07a33a4c570a9a07febe51424621,6,12,768
php-zendserver,latest,4141629,amd64,linux,1076174824,sha256:2bf46d4628e88b94dbe211b8ec4ab1103d2e3e435ef818dca7518f5cfdb0c6dd,7,12,923795456
php-zendserver,latest,4141629,amd64,linux,1076174824,sha256:35c8f384a459a872e18a68f30d67c70d0f345ebad86f494bd42a67d3795adf12,8,12,72
php-zendserver,latest,4141629,amd64,linux,1076174824,sha256:79190ed6d515ac110d52667680d57051037a667396bb7f402b7084c465824560,9,12,1177
php-zendserver,latest,4141629,amd64,linux,1076174824,sha256:dad0c1f8fdb60357622ba37d60ce9c4677d0c3ab0059e7d82dc0f7c0c8d4df33,10,12,62495129
php-zendserver,latest,4141629,amd64,linux,1076174824,sha256:683641b801c2ea0df60ed0352e48fae79f2df46935d2252fadc5d244dd947b49,11,12,66165145
convertigo,latest,4107343,amd64,linux,646295601,sha256:62789ffcd78ce0eae545b2743541d5c063270fe9f45477acacf2031b93cea70f,1,14,7311
convertigo,latest,4107343,amd64,linux,646295601,sha256:13d30c739d0fe18aa92a1ee4f5486dae58ace451405405182b71b4bdb1a29706,2,14,482
convertigo,latest,4107343,amd64,linux,646295601,sha256:81090961fd1d14c42473cab334a57632856e277944d13611da5c536dfe129dbc,3,14,128974848
convertigo,latest,4107343,amd64,linux,646295601,sha256:dd85e4516987841d51a504571fb9b3fc2068b82776712f6de9937103e60c08c0,4,14,222208
convertigo,latest,4107343,amd64,linux,646295601,sha256:5300e1bce708e98de316b056f292cdbb1f8872da89e55e12529b9d1be4c35af9,5,14,342016
convertigo,latest,4107343,amd64,linux,646295601,sha256:c1dc3d04e471729dde15815ea645ca0b42831babddb6f7ddfd6d1a494223323b,6,14,2422210
convertigo,latest,4107343,amd64,linux,646295601,sha256:fbae307419f611797614f7463fde7c80a649ca295d713c87bd4b3c7215a7bd5b,7,14,10695475
convertigo,latest,4107343,amd64,linux,646295601,sha256:1b5b8a9c6ac9b128370e85ed4ad9c983f42627a22fa4a50835388158312f5af9,8,14,22858956
convertigo,latest,4107343,amd64,linux,646295601,sha256:9519910446c826b359b118f5306231dedd4fc7482031456703b60b4b66069688,9,14,344981504
convertigo,latest,4107343,amd64,linux,646295601,sha256:b1da0f5a30a59967b5097b463d45a144c2a0d892f9c389eee7b0d0a5de0a4550,10,14,59454259
convertigo,latest,4107343,amd64,linux,646295601,sha256:6b36e7cce9672451c1b6789ec9ea6cc9c1f3e77d277a9830779ceb5103176833,11,14,76336332
solr,latest,138756711,amd64,linux,617602773,sha256:b93c1bd012ab8fda60f5b4f5906bf244586e0e3292d84571d3abb56472248466,1,9,5274337
solr,latest,138756711,amd64,linux,617602773,sha256:f3a12c51479f5537613108d441e6a91040c420d2abe9cf80c0c310fc03a0a7c9,2,9,43929
solr,latest,138756711,amd64,linux,617602773,sha256:3b028c775252bc97caf84bf6f84a6efcb3143e50d11e13ade70454a47f6e47c7,3,9,11
solr,latest,138756711,amd64,linux,617602773,sha256:5ff725d720ec0574d25ef5d62f41fb8dbe82e17f78cc44470c06dbd3c86bb868,4,9,3061841
solr,latest,138756711,amd64,linux,617602773,sha256:ee9d884ecbb25bffcf0e8be6997beb0ec1052c9499adb99af61e912786d8a3d9,5,9,330301440
solr,latest,138756711,amd64,linux,617602773,sha256:81d7fbb4d45e4d168b6e41792c1b9fc9ea4f28622929f0a364a01f7f07e1b132,6,9,146800640
solr,latest,138756711,amd64,linux,617602773,sha256:5f0a040b286a2264d2ce3e35edb4f5dc5a182a2d5649dfad7fdff079dad3da4e,7,9,50541363
solr,latest,138756711,amd64,linux,617602773,sha256:ea65bfd6b64651a3304fe1f6c9f2bf9421fae746125d525cdfe74d6f88d68fd5,8,9,81579212
wordpress,latest,1189039831,amd64,linux,645365470,sha256:3af14c9a24c941c626553628cf1942dcd94d40729777f2fcfbcd3b8a3dfccdd6,1,21,3450
wordpress,latest,1189039831,amd64,linux,645365470,sha256:b45c80a24442fcdcc7bbb616407166b8998b11634be9623ccc32904099844a51,2,21,5621
wordpress,latest,1189039831,amd64,linux,645365470,sha256:c4bd73e3313b668236e736cc7a72771cb8952e4268afe5c40285360b32e8aa0f,3,21,69101158
wordpress,latest,1189039831,amd64,linux,645365470,sha256:cfb7053350c422cfb726e8f8a4d72b8610ee6eac5528d879cdd8cc62fb1e4d4b,4,21,52531
wordpress,latest,1189039831,amd64,linux,645365470,sha256:8b80409103eeaab5d0b91cccf0b9433d56eaad369e7ac516ab81bfdd5246a214,5,21,331
wordpress,latest,1189039831,amd64,linux,645365470,sha256:07583c9c30165412b76a9485260e701007b6ed0552a31a98515f5ca56060adff,6,21,149
wordpress,latest,1189039831,amd64,linux,645365470,sha256:4adc4f8ad1cb16307c608a608bfa4fe0ced3f66b3631ddc785c16b35a53e6163,7,21,44040192
wordpress,latest,1189039831,amd64,linux,645365470,sha256:e488e800e73bca13f323d37eaa4de10a4a0171023ac730267544f1bd8229d5da,8,21,54945382
wordpress,latest,1189039831,amd64,linux,645365470,sha256:9f9b5770e7807412766d854a63f6b336173f759d7fb6024f1c7857846c17e62f,9,21,1382
wordpress,latest,1189039831,amd64,linux,645365470,sha256:1f434a91a4e142b65191fa525fbd0e8abbe907d3140a40914e3f992595179917,10,21,17
wordpress,latest,1189039831,amd64,linux,645365470,sha256:f4dfe6d892cd117521fe07377bd0a834f8aa03e90fad8f9f1fef19a79048da98,11,21,7383
wordpress,latest,1189039831,amd64,linux,645365470,sha256:6c0a8e761c04168b46fe188e29db2434a49ec29ee2d5eebe5ede2d6b360eb4cd,12,21,48129638
wordpress,latest,1189039831,amd64,linux,645365470,sha256:26801b112ae2387eb9b16565936ab3a8c8a41788f8ffc93c73573ca32e8c0741,13,21,587
wordpress,latest,1189039831,amd64,linux,645365470,sha256:4dfc7cc7e849f645b6de9b180c1a8f3986298e9346c46fcb63ee210335eb70f1,14,21,12687769
wordpress,latest,1189039831,amd64,linux,645365470,sha256:a0dc0c8f0f82b7cfb2fe00646e087484193ae209ae05748207833a3f976bcff7,15,21,237
wordpress,latest,1189039831,amd64,linux,645365470,sha256:8629619640e326a754b8d635de0e48a65d641b7398ca85127bffcd14df9bd76a,16,21,68
wordpress,latest,1189039831,amd64,linux,645365470,sha256:4084dcb4694272e1d5734c5c2011c6612188b6e2a7f02425127f1a313c1f351c,17,21,49912217
wordpress,latest,1189039831,amd64,linux,645365470,sha256:272224f8743068129ddb31846464f1f3e112b28035f82b92f4a484fbe85932aa,18,21,282066944
wordpress,latest,1189039831,amd64,linux,645365470,sha256:03b3480fe4fd0762855c16c7486c8c037750920a61ab279d515f7394df32814a,19,21,46
wordpress,latest,1189039831,amd64,linux,645365470,sha256:c40821032f2eeff56d1b6cc433943d68537b0aee50e0b6c642771fd22185e462,20,21,84410368
